chr,start,ref,alt,driver
16,339439,C,T,1
16,339608,C,T,1
16,347721,C,T,1
16,360070,C,A,1
16,396146,A,T,1
4,775657,T,A,1
4,775669,C,T,1
4,775698,G,A,1
4,775699,TCGGCCCACCTAGCATGCGC,-,1
4,775702,GCCCACCTAGCAT,-,1
4,775705,C,T,1
4,775705,C,T,1
4,775710,A,G,1
4,775710,A,G,1
4,775710,A,G,1
4,775711,G,-,1
19,1220370,A,C,1
19,1221211,G,T,1
19,1221947,GG,CT,1
19,1222006,G,A,1
19,1222006,G,C,1
5,1295133,C,T,1
5,1295143,G,A,1
5,1295149,C,A,1
5,1295161,T,G,1
5,1295161,T,G,1
5,1295161,T,G,1
5,1295172,C,A,1
5,1295205,G,A,1
5,1295228,G,A,1
5,1295228,G,A,1
5,1295228,G,A,1
5,1295228,G,A,1
5,1295228,G,A,1
5,1295228,G,A,1
5,1295228,G,A,1
5,1295228,G,A,1
5,1295228,G,A,1
5,1295228,G,A,1
5,1295228,G,A,1
5,1295228,G,A,1
5,1295228,G,A,1
5,1295228,G,A,1
5,1295228,G,A,1
5,1295228,G,A,1
5,1295228,GG,AA,1
5,1295242,G,A,1
5,1295242,GG,AA,1
5,1295247,C,T,1
5,1295250,G,A,1
5,1295250,G,A,1
5,1295250,G,A,1
5,1295250,G,A,1
5,1295250,G,A,1
5,1295250,G,A,1
5,1295250,G,A,1
5,1295253,G,A,1
5,1295283,G,A,1
5,1295305,G,A,1
5,1295326,C,T,1
5,1295359,C,G,1
7,2119331,A,G,1
16,2124200,G,T,1
16,2126068,G,A,1
1,2489274,G,A,1
1,2492155,T,A,1
16,3788558,A,C,1
16,3799627,C,T,1
16,3817719,A,C,1
10,3827104,C,T,1
16,3828699,A,G,1
7,6018328,C,A,1
17,7217398,C,T,1
17,7574034,C,G,1
17,7574034,C,T,1
17,7574035,T,A,1
17,7574035,T,G,1
17,7576851,A,G,1
17,7576852,C,A,1
17,7576852,C,A,1
17,7576852,C,T,1
17,7576852,C,T,1
17,7576852,C,T,1
17,7576927,C,A,1
17,7576927,C,G,1
17,7576928,T,C,1
17,7577017,AC,TA,1
17,7577018,C,A,1
17,7577018,C,T,1
17,7577018,C,T,1
17,7577156,C,A,1
17,7577157,T,C,1
17,7577497,A,C,1
17,7577498,C,T,1
17,7577498,C,T,1
17,7577609,C,A,1
17,7577610,T,C,1
17,7577610,T,C,1
17,7577610,T,C,1
17,7578175,A,G,1
17,7578176,C,A,1
17,7578176,C,A,1
17,7578176,C,A,1
17,7578176,C,T,1
17,7578290,C,T,1
17,7578291,T,G,1
17,7578370,C,A,1
17,7578370,C,A,1
17,7578370,C,T,1
17,7578370,C,T,1
17,7578555,C,A,1
17,7578555,C,A,1
17,7578555,C,T,1
17,7578555,C,T,1
17,7578555,C,T,1
17,7578555,C,T,1
17,7578556,T,A,1
17,7578556,T,C,1
17,7578556,T,C,1
17,7578556,T,G,1
17,7579311,C,-,1
17,7579311,C,A,1
17,7579311,C,T,1
17,7579592,T,A,1
17,7579592,T,A,1
17,7579699,C,A,1
17,7590678,TTCAGTCAGGAGC,-,1
17,7590689,GCTT,-,1
17,7590691,T,-,1
17,7590692,T,A,1
17,7590693,A,C,1
17,7590693,ACCCAATCCAGGGAAGCGTGTCACCGTCGTGGAAAGCACGCTCCCAGCCCGAA,-,1
17,7590694,C,A,1
17,7590736,CCAGCCCGAACGCAAAGTGTCCCCGGAGCCCAGCAGCTACCTGCT,-,1
17,7590820,TT,-,1
17,7590845,GGAGGGGAAAACCCCAA,-,1
17,7590845,GGAGGGGAAAACCCCAATCCCATCAACCCCT,-,1
17,8076849,T,C,1
17,8076887,G,A,1
17,8076894,C,T,1
17,8076895,C,T,1
17,8078228,G,A,1
10,8111433,CA,-,1
3,10183872,G,T,1
3,10188196,A,C,1
3,10188196,A,T,1
3,10188321,G,A,1
3,10188322,T,-,1
3,10191462,CCCTTCCAGTGT,-,1
3,10191464,CTTCCAGTGTAT,-,1
3,10191470,G,C,1
19,10870489,T,C,1
19,10906047,G,C,1
19,11105679,T,C,1
19,11136097,G,T,1
17,11984671,A,G,1
17,11984671,AG,-,1
17,12028689,G,C,1
X,15827321,A,G,1
17,15968797,A,G,1
1,16477460,T,C,1
3,16554316,G,T,1
3,16554440,G,A,1
3,16554601,C,A,1
3,16554601,C,T,1
3,16554629,CCTGCAGAGCCTACGACCCC,-,1
3,16554696,C,T,1
3,16554713,C,A,1
3,16554758,G,C,1
3,16554782,C,T,1
3,16554856,C,T,1
3,16554861,CC,TT,1
3,16555037,G,A,1
3,16555096,G,A,1
3,16555144,G,A,1
3,16555275,G,A,1
3,16555291,T,A,1
3,16555353,G,A,1
3,16555353,G,C,1
3,16555404,G,C,1
3,16555405,C,A,1
3,16555405,C,T,1
3,16555483,G,A,1
3,16555692,G,T,1
X,20156742,T,C,1
18,20573683,G,C,1
14,20811243,G,C,1
14,20811284,-,CA,1
14,20811300,A,G,1
14,20811302,T,C,1
14,20811336,G,T,1
14,20811342,G,A,1
14,20811398,G,T,1
14,20811419,C,G,1
14,20811452,G,T,1
14,21860106,C,A,1
9,21968242,C,T,1
9,21968243,T,C,1
9,21971208,C,T,1
9,21971208,C,T,1
9,21971209,T,C,1
9,21994136,A,G,1
16,22308556,TT,AA,1
16,22308582,C,G,1
16,22308593,G,A,1
16,22308678,G,C,1
16,22308693,G,C,1
16,22308938,A,G,1
22,24176327,G,A,1
1,27056141,G,T,1
1,27099124,G,A,1
1,27100070,G,A,1
1,27101712,G,A,1
22,29099491,A,C,1
22,29099555,C,G,1
17,29508727,G,A,1
17,29541604,G,T,1
17,29557277,G,T,1
17,29588876,G,C,1
17,29592246,G,C,1
17,29657518,T,A,1
17,29663350,G,T,1
17,29665158,G,A,1
17,29670154,G,A,1
17,29685497,G,A,1
22,30000103,T,G,1
22,30032737,CAGATGA,-,1
3,30713129,G,A,1
8,30954367,G,C,1
20,31022233,A,G,1
13,32893463,G,T,1
13,32932067,G,A,1
13,32954142,A,T,1
6,33289345,C,T,1
3,33630224,C,T,1
3,33661093,A,T,1
21,35093482,G,A,1
10,35318570,T,G,1
6,35420571,G,A,1
9,35657769,C,G,1
9,35657783,G,A,1
9,35657783,G,T,1
9,35657808,-,T,1
9,35657839,C,A,1
9,35657881,T,C,1
9,35657927,C,-,1
9,35657959,AGGGG,-,1
9,35657963,GAGGA,-,1
9,35657999,G,A,1
9,35658014,-,CACGT,1
9,35658017,C,A,1
9,35658031,-,AGA,1
9,35658032,A,T,1
9,35658033,G,A,1
9,35658037,A,G,1
9,35658037,A,T,1
9,35658040,A,G,1
9,35658040,A,G,1
9,35658041,T,A,1
9,35658041,T,G,1
9,35658042,T,A,1
9,35658042,T,G,1
9,35658043,T,C,1
9,35658043,T,G,1
9,35658043,T,G,1
9,35658043,T,G,1
9,35658044,T,A,1
9,35658044,T,C,1
9,35658052,-,AAA,1
9,35658058,A,C,1
9,35658060,-,TA,1
9,35658063,T,C,1
9,35658067,T,G,1
9,35658067,T,G,1
9,35658069,A,C,1
9,35658079,T,C,1
1,36209132,C,T,1
14,38059226,CA,-,1
14,38059230,-,G,1
14,38059424,-,AATA,1
14,38059583,T,C,1
14,38060018,TTTATGTCTTGCTATAT,-,1
14,38060230,C,-,1
14,38060341,-,GGTTTG,1
14,38060442,A,-,1
14,38060497,T,-,1
14,38064406,G,A,1
14,38064406,G,A,1
X,41196720,T,C,1
X,41203383,T,G,1
X,41204802,G,T,1
X,41206564,G,A,1
17,41215391,C,T,1
17,41223256,C,T,1
22,41526009,TAAGTGATGAAATCTTTTGAAGGTTTATA,-,1
22,41568668,G,A,1
15,42005695,G,A,1
17,44144914,C,A,1
2,44187678,A,C,1
11,44193160,G,A,1
X,44950110,G,-,1
X,44966653,A,T,1
X,44966654,G,A,1
X,44969323,G,A,1
15,45003812,G,A,1
19,45284142,GTCCTTGCCCATCCCCACAGGCGACAGCTGGCCAAGCT,-,1
18,45374845,C,T,1
12,46124998,A,G,1
12,46124999,G,A,1
12,46231102,A,C,1
12,46243361,A,G,1
12,46243362,G,A,1
X,47041266,G,A,1
X,47041266,G,A,1
3,47087975,A,C,1
3,47142946,A,C,1
3,47147485,A,C,1
11,47259387,G,A,1
2,48035568,T,C,1
2,48040518,T,C,1
11,48177352,G,C,1
11,48185171,G,T,1
18,48575231,G,A,1
18,48586228,TTCTTTA,-,1
18,48586288,T,C,1
18,48593387,A,T,1
18,48593559,T,A,1
13,48916734,G,A,1
13,48916852,T,G,1
13,48934151,A,T,1
17,48939627,T,-,1
17,48939658,C,T,1
17,48939737,T,C,1
17,48939915,GCT,-,1
17,48939951,T,A,1
17,48939961,A,G,1
17,48939978,AT,-,1
17,48939987,T,-,1
17,48939994,T,G,1
17,48940008,C,T,1
17,48940016,TAAAT,-,1
17,48940016,TAAAT,-,1
17,48940021,T,G,1
17,48940217,T,-,1
17,48940258,A,C,1
17,48940278,G,A,1
17,48940334,-,T,1
13,48942662,G,C,1
13,48951053,G,A,1
13,48953728,A,G,1
13,48953787,GTAAGTTAAAAACAATATAAAAAAATTTCAGCC,-,1
13,48954379,T,G,1
13,48955382,G,C,1
13,49037866,G,C,1
13,49047487,ACTTGACAGAATCTTAGTATCAATTGG,-,1
12,49421585,C,T,1
12,49427848,A,T,1
12,49428261,T,C,1
12,49433142,C,T,1
12,49435699,C,T,1
12,49437145,C,A,1
12,49447924,C,T,1
16,50362656,C,G,1
16,50383933,C,-,1
16,50821764,G,T,1
18,50848528,G,A,1
12,52370360,G,A,1
14,52418603,A,T,1
3,52436691,C,A,1
3,52441334,T,A,1
6,52442035,G,T,1
6,52442145,G,A,1
14,52445990,A,T,1
3,52598065,C,A,1
3,52610715,C,G,1
3,52610716,T,A,1
3,52649474,T,A,1
3,52682459,C,T,1
3,52692333,T,C,1
3,52702662,C,T,1
2,55201901,C,A,1
17,56408597,G,A,1
17,56408612,A,T,1
17,56408616,A,C,1
17,56408620,A,G,1
17,56408620,AA,TG,1
17,56408621,A,G,1
17,56408624,C,G,1
17,56408624,C,T,1
17,56408630,C,T,1
17,56408638,G,A,1
17,56408639,C,G,1
17,56408639,C,G,1
17,56408639,C,T,1
17,56408645,G,A,1
17,56408647,A,C,1
17,56408656,T,A,1
17,56440011,T,C,1
17,56440768,C,A,1
20,60758100,G,-,1
20,60758100,G,A,1
20,60758100,G,A,1
20,60758100,G,A,1
20,60758100,G,A,1
20,60758100,G,A,1
20,60758100,G,A,1
20,60758100,G,A,1
10,63661917,G,C,1
11,64573243,C,T,1
11,64573703,C,G,1
11,64574482,C,A,1
11,64575360,TAC,-,1
5,65372237,G,A,1
5,67589535,A,G,1
5,67590975,G,A,1
5,67591246,A,G,1
5,67591246,A,T,1
16,67645518,T,C,1
16,68846035,CAGAGTTTCC,-,1
16,68856129,G,A,1
10,70508892,GC,TT,1
11,71942541,G,T,1
13,73345932,C,A,1
13,73355495,C,T,1
4,74275205,G,A,1
4,74277844,T,A,1
4,74280751,G,-,1
4,74283804,G,T,1
6,75977355,A,C,1
6,75977355,A,T,1
X,76814318,C,T,1
X,76845302,A,G,1
X,76909691,C,T,1
16,78149053,T,C,1
1,78414986,C,T,1
5,80040324,G,T,1
5,86642488,G,C,1
5,86679528,A,G,1
7,86866359,T,A,1
7,86866362,T,C,1
7,86866370,T,C,1
7,86866370,T,C,1
7,86866371,C,T,1
7,86866372,T,A,1
7,86866372,T,C,1
7,86866372,T,G,1
7,86866382,T,G,1
7,86866383,T,G,1
7,86866383,T,G,1
7,86866383,TT,GC,1
7,86866384,T,C,1
7,86866390,T,G,1
7,86866395,A,G,1
10,88681453,G,A,1
10,89653868,T,C,1
10,89692755,ATCTTTTTACCACAGTTGCACA,-,1
10,89711873,A,G,1
10,89711873,A,T,1
10,89711874,G,A,1
10,89712017,G,A,1
10,89717609,G,A,1
10,89720650,G,A,1
10,89725042,A,G,1
16,89836433,C,A,1
8,90958524,C,T,1
8,90960051,C,T,1
14,95596530,C,T,1
2,96920736,C,T,1
8,97273988,A,C,1
8,97273988,A,C,1
8,97273988,A,C,1
8,97273988,A,G,1
8,97273988,A,G,1
8,97274000,-,TGGAGTCTG,1
8,97274000,T,C,1
8,97274000,T,C,1
8,97274000,T,C,1
8,97274009,G,A,1
8,97274202,C,T,1
12,99042403,G,A,1
3,101578251,TG,-,1
3,101578252,G,T,1
3,101578255,AGTT,-,1
3,101578286,ACCATTTGCCTT,-,1
13,103506106,G,T,1
13,103515454,G,C,1
11,108099903,A,C,1
11,108123641,T,A,1
11,108141874,G,A,1
11,108158326,G,T,1
11,108163345,G,C,1
11,108165652,A,T,1
11,108190669,CTTATCTCACAG,-,1
11,108199747,G,T,1
5,112128142,G,T,1
5,112155042,G,A,1
5,112162945,G,A,1
5,112440053,C,A,1
12,115114116,A,G,1
1,115279377,A,C,1
1,120466609,T,G,1
12,121842675,A,C,1
12,121842708,G,T,1
12,121842722,A,G,1
12,121842730,A,C,1
12,121842740,A,T,1
12,121842741,A,C,1
12,121842742,A,C,1
12,121842742,A,T,1
12,121842742,A,T,1
5,131825083,C,T,1
X,133527665,G,A,1
X,133527984,T,C,1
9,135778175,C,G,1
9,135797361,C,T,1
9,135802692,C,A,1
6,138192661,T,G,1
9,139390152,T,C,1
9,139393712,C,T,1
9,139396367,T,C,1
9,139409854,T,C,1
3,142253921,C,A,1
7,148506248,C,T,1
2,148654079,T,G,1
7,151876918,C,T,1
6,152024472,C,G,1
4,153251882,A,G,1
4,153252021,C,T,1
4,153271193,C,T,1
3,176755883,TAC,-,1
3,176755884,A,T,1
3,176755884,ACCTTTAAAGTCATGTCGTCAGAA,-,1
4,185339369,T,A,1
4,187557390,C,G,1
4,187584769,T,C,1
1,193111198,T,C,1
3,193853857,A,G,1
3,193853880,A,C,1
3,193853880,A,C,1
3,193853913,A,G,1
3,193853961,A,G,1
3,193853972,A,C,1
3,193853972,A,G,1
3,193853974,C,T,1
3,193853976,C,A,1
3,193854030,A,G,1
2,202050848,G,A,1
2,203383543,A,G,1
1,212208990,G,C,1
1,212209066,G,C,1
1,212209066,G,C,1
1,212209100,G,T,1
2,212426814,C,T,1
2,225343063,C,T,1
2,225365205,C,A,1
16,731865,C,T,0
10,51622545,G,T,0
22,50945191,T,C,0
5,149829722,G,T,0
22,45128174,G,A,0
1,30592326,G,A,0
19,20158372,G,A,0
15,32462718,C,A,0
2,75889396,T,C,0
7,127231363,G,T,0
13,61409985,G,T,0
15,34538151,T,-,0
19,37753476,G,C,0
6,148804626,A,G,0
18,41819278,C,T,0
6,43270461,G,T,0
6,29148894,C,T,0
2,10922899,G,T,0
9,24540061,T,C,0
5,178810525,C,T,0
1,153067622,T,G,0
21,46822781,G,T,0
2,208923249,A,G,0
X,63267027,C,T,0
9,35135680,C,A,0
8,136928292,G,A,0
8,22980651,A,G,0
16,26465671,T,C,0
10,111061663,A,T,0
12,110879262,GTA,-,0
16,2820708,C,T,0
7,29553367,C,T,0
1,75327940,G,C,0
14,28564536,G,A,0
11,84427001,C,G,0
9,73477908,G,A,0
15,75094370,C,T,0
15,91469554,C,T,0
17,40734611,G,C,0
19,36743741,G,T,0
3,178251906,-,T,0
6,31654851,A,G,0
19,22941557,C,T,0
12,6497998,G,T,0
1,158328932,T,G,0
15,36871473,C,T,0
2,118586933,A,G,0
20,44519146,C,T,0
3,127393427,C,A,0
9,4661989,G,A,0
8,23177541,G,A,0
11,124774785,T,G,0
17,77073897,C,A,0
4,40797907,T,C,0
3,186508170,C,G,0
12,93092927,C,T,0
16,88930779,C,T,0
2,177475508,T,C,0
7,144610823,T,A,0
7,23585162,C,T,0
5,45100104,A,G,0
7,100856219,C,A,0
21,48052608,A,T,0
11,36881407,C,T,0
10,57878806,G,T,0
7,111347594,G,C,0
2,125942326,A,C,0
3,191117428,G,A,0
6,103452911,A,T,0
2,170092376,G,A,0
17,76823164,G,T,0
7,15874175,C,G,0
1,110288228,T,C,0
12,45521068,C,A,0
3,78720862,A,G,0
1,213851649,C,T,0
13,21714577,G,A,0
3,5339301,G,A,0
19,45855565,G,A,0
18,48493141,C,T,0
3,46751413,C,A,0
10,95859864,C,A,0
3,183860336,G,C,0
16,67242232,C,T,0
13,58205647,G,T,0
X,108986253,C,A,0
5,46034790,T,A,0
21,33132414,-,A,0
5,140090019,T,C,0
16,1822314,G,T,0
11,108845322,C,T,0
17,73554925,C,A,0
2,113940400,A,C,0
5,82887087,A,G,0
2,242736852,C,A,0
6,53787933,G,T,0
6,146905749,A,G,0
17,3349804,T,A,0
22,23241323,G,A,0
5,23949007,C,T,0
12,67493628,G,A,0
22,36696256,C,G,0
1,189076292,T,G,0
5,24897700,T,G,0
2,223066797,C,A,0
3,110788918,A,G,0
2,85808023,C,A,0
12,48538908,G,A,0
19,14520614,G,C,0
9,140770889,C,T,0
1,178447298,T,-,0
21,44589335,C,T,0
2,219222725,C,T,0
6,126127132,C,A,0
10,46953163,A,G,0
19,8430846,C,G,0
1,150252208,C,G,0
20,34257408,T,C,0
16,67199605,C,-,0
14,41109796,T,A,0
2,124739564,G,C,0
2,158815010,G,C,0
5,8618494,G,A,0
5,138632501,A,G,0
22,29708529,T,C,0
4,25160666,T,A,0
11,6641913,C,A,0
3,154043367,C,T,0
9,131024889,C,A,0
7,127668248,T,G,0
X,127909970,C,T,0
19,10405222,G,T,0
2,145277930,C,T,0
3,133657281,C,T,0
4,86222165,C,A,0
19,19626321,C,T,0
6,17135124,G,A,0
10,22516039,A,G,0
15,42977946,G,T,0
2,41458097,T,C,0
12,58128450,C,T,0
12,56031222,C,T,0
19,14073957,-,G,0
9,37744725,C,A,0
17,73780725,C,T,0
2,83608591,C,A,0
14,50909470,C,A,0
1,69901193,C,A,0
14,55587989,G,A,0
4,34688065,T,A,0
5,99998231,T,A,0
8,141249762,G,A,0
17,61911559,C,A,0
5,178193071,G,A,0
18,76870478,A,C,0
12,53876552,C,T,0
1,195280292,A,T,0
1,110293359,C,A,0
4,159044694,G,A,0
7,76135400,G,T,0
12,7245436,-,A,0
19,42873041,C,T,0
11,21631663,T,A,0
12,5530952,G,T,0
11,47610034,C,T,0
2,25452336,T,C,0
2,125807579,T,A,0
12,50687094,A,G,0
16,88923281,G,A,0
11,619527,C,T,0
20,44416620,C,A,0
17,71232999,A,T,0
3,99076195,T,C,0
X,148496412,G,T,0
1,151023150,C,G,0
16,57687714,A,T,0
17,6547876,G,T,0
5,162927473,G,A,0
19,10943731,A,G,0
20,11098076,A,G,0
8,136796007,A,G,0
1,191390365,C,T,0
13,113844547,A,T,0
2,164467428,G,T,0
3,24709056,A,G,0
2,98525746,A,G,0
14,103542941,G,A,0
5,133476406,G,T,0
17,73893209,C,T,0
4,106158400,CT,G,0
9,140134690,G,A,0
5,163107815,T,G,0
8,42942967,-,T,0
2,89164051,T,A,0
9,97718226,G,T,0
17,38275337,T,C,0
19,7083629,A,G,0
12,56117813,G,T,0
16,89938007,T,C,0
12,96483757,C,G,0
3,15091181,C,G,0
6,31599695,G,A,0
16,74920225,C,A,0
12,6981945,C,A,0
11,94195528,T,A,0
22,44330544,A,-,0
2,11294486,-,T,0
16,57789363,A,C,0
2,85927583,A,T,0
2,89164435,T,C,0
2,25043675,C,T,0
19,52923271,A,C,0
1,153591411,T,C,0
7,102106550,G,A,0
11,59359114,G,T,0
19,1223169,C,T,0
12,162759,A,G,0
3,139460160,-,T,0
8,29132568,A,T,0
11,6635086,G,C,0
Un_KI270742v1,142858610,T,C,0
1,44447064,G,T,0
17,57288083,A,C,0
20,31992427,C,G,0
10,64935171,A,T,0
1,161090454,C,A,0
11,57995129,T,C,0
2,136398121,A,G,0
X,141571739,C,A,0
19,7655828,A,C,0
12,174663,G,-,0
15,88328212,C,A,0
4,49192365,T,C,0
16,68056193,CT,-,0
17,61910958,G,A,0
19,17445470,C,T,0
11,627130,-,AGAGTC,0
16,67698935,G,A,0
12,58016715,C,A,0
X,74842334,A,C,0
13,63617515,T,C,0
14,94700986,A,G,0
11,131221615,C,T,0
17,7350544,G,A,0
14,24785055,C,T,0
3,125166693,T,C,0
11,62572828,T,C,0
19,1797097,-,G,0
13,93824311,C,T,0
6,167615229,G,T,0
8,72961399,T,G,0
18,22026838,G,A,0
21,23958776,C,A,0
14,24807144,TCT,-,0
X,153006175,T,G,0
12,58123129,T,G,0
3,174147563,T,A,0
3,8545950,C,T,0
X,124670845,C,T,0
11,22510233,G,A,0
1,155149705,G,A,0
7,99720601,G,C,0
4,524259,G,C,0
1,182443537,A,T,0
16,31098068,G,A,0
1,151748675,G,A,0
1,226353733,T,C,0
19,58265375,G,C,0
20,61291083,C,T,0
10,81841923,C,A,0
5,135399452,T,G,0
20,47843613,A,T,0
2,40656657,C,T,0
3,37279961,T,C,0
2,198318328,C,T,0
7,84373550,T,C,0
19,42797956,G,A,0
11,107528404,G,A,0
2,151950856,A,G,0
13,63986885,G,C,0
17,48617508,G,T,0
5,158923980,A,C,0
12,6960377,A,T,0
17,15591893,T,C,0
8,119855452,C,A,0
15,46616779,G,A,0
6,31996601,C,G,0
2,201345794,T,G,0
9,4118521,G,A,0
5,2749106,T,C,0
6,37089976,C,T,0
1,78392180,G,C,0
10,42702161,C,G,0
10,119805437,A,G,0
7,96910811,A,T,0
17,7155834,G,T,0
17,4300808,T,C,0
6,138196944,C,T,0
4,89505742,G,A,0
8,132343280,T,C,0
22,34690228,G,A,0
19,11323975,C,T,0
20,2045641,C,G,0
9,5897517,G,T,0
1,45967377,C,T,0
16,3289230,TT,-,0
X,88181906,A,G,0
20,35914643,T,C,0
12,57926970,C,A,0
2,165580396,C,A,0
5,93905150,A,G,0
13,54062514,A,G,0
3,106003278,A,T,0
13,64509897,T,G,0
2,2629982,T,C,0
5,147761567,C,T,0
15,98678078,C,T,0
10,42905086,C,G,0
1,48701458,C,G,0
22,29708517,C,T,0
11,47740917,C,A,0
7,92764944,G,A,0
12,6637293,G,T,0
10,21693335,G,C,0
8,77767185,G,-,0
4,55966799,A,T,0
17,74625626,CT,-,0
17,61907825,T,C,0
6,67883070,T,G,0
1,45484708,A,G,0
14,105839184,A,C,0
5,76508692,C,G,0
12,7063999,G,T,0
5,1032273,C,T,0
12,7051066,C,T,0
17,56606430,G,T,0
19,33703513,G,A,0
16,19628261,A,G,0
9,101858367,G,T,0
6,30884917,G,C,0
4,8376524,C,T,0
19,21901032,T,A,0
2,89157139,G,T,0
16,53266048,G,T,0
11,18380294,A,G,0
8,28574643,G,A,0
3,8720187,C,T,0
13,57714585,C,A,0
X,145999464,G,T,0
19,56935172,G,A,0
X,56296563,T,-,0
7,44146480,G,A,0
X,11781636,C,T,0
X,111991196,G,A,0
3,136708366,G,A,0
8,116058237,A,G,0
16,67227029,G,A,0
1,161019097,G,T,0
9,103419099,C,A,0
17,76156984,G,A,0
11,47600540,C,T,0
19,37379576,A,T,0
12,122667411,C,G,0
19,41306918,G,T,0
6,19211849,C,T,0
4,61609495,C,T,0
3,9989017,G,T,0
12,102025497,G,A,0
2,109061063,A,C,0
21,30428489,T,G,0
14,106329405,T,C,0
22,32014325,C,T,0
6,82165997,C,T,0
1,199575564,-,ACCAAAACAGCATGGTACTGGT,0
3,187464814,C,T,0
5,55459933,A,C,0
2,71840508,A,T,0
10,135491126,C,T,0
X,142919453,A,G,0
1,174988876,C,G,0
9,1582636,G,C,0
2,89164164,C,G,0
2,201132426,A,C,0
3,49839575,C,T,0
5,160717829,C,T,0
3,48638119,C,A,0
14,23451448,G,A,0
1,209025301,C,T,0
14,92727419,T,C,0
8,72959392,T,A,0
17,77061530,C,T,0
19,35758054,C,T,0
5,158555539,C,A,0
7,150094863,C,T,0
X,125833700,A,G,0
17,43473138,G,A,0
2,224963984,G,A,0
1,235918941,C,G,0
3,48682180,C,T,0
4,109317657,C,T,0
17,34799377,G,A,0
16,67315128,CT,-,0
8,128039639,G,A,0
11,45945969,C,T,0
2,71190301,G,C,0
6,92789728,G,T,0
2,130899768,C,T,0
15,77155018,G,A,0
2,172950309,C,A,0
3,176138803,A,-,0
16,1828307,C,A,0
1,120458004,A,T,0
5,140052361,C,G,0
1,212962073,A,T,0
15,66158429,A,G,0
6,38890951,C,T,0
7,68731580,C,A,0
16,68898073,G,A,0
3,14535272,C,T,0
3,113005657,C,T,0
11,119063973,C,T,0
17,73626928,G,A,0
8,76778608,C,A,0
22,18261588,G,A,0
2,6194039,G,A,0
8,76819312,G,A,0
15,90611014,G,A,0
1,80491940,G,T,0
5,79950708,TGCAGCGGCCGCAGCGGCCGCAGCGCC,-,0
7,117538180,-,T,0
14,20825732,T,C,0
19,58102522,C,T,0
1,207078366,A,G,0
11,63381505,C,T,0
11,57069317,G,A,0
12,102117589,C,T,0
4,96815244,A,G,0
10,118357387,C,T,0
13,61677467,C,T,0
X,152710276,C,T,0
12,50299728,C,A,0
10,8064120,C,T,0
8,118626310,C,T,0
2,35718717,G,T,0
7,48816378,G,T,0
6,35739955,C,G,0
X,82185988,C,A,0
14,24897002,G,T,0
19,53311333,T,C,0
3,179320486,-,A,0
3,75212939,-,GT,0
7,6836280,C,T,0
14,104208264,G,C,0
3,49163974,C,A,0
2,7019604,C,A,0
1,1342375,A,G,0
17,15642157,G,A,0
9,43627017,C,T,0
17,27073715,C,T,0
10,135166817,C,T,0
22,38243744,G,A,0
4,170520353,A,G,0
2,233626112,C,T,0
16,89857865,G,C,0
3,34641274,G,A,0
13,106378883,T,A,0
2,98382241,T,C,0
7,153133839,T,G,0
17,19552249,G,T,0
2,132247410,C,T,0
5,158511188,-,A,0
7,99699366,C,T,0
4,136420451,T,C,0
5,51696607,G,A,0
12,15000608,G,T,0
18,62602656,C,A,0
17,41368579,C,T,0
2,120139016,C,A,0
11,74880318,C,A,0
5,117043850,G,C,0
X,49957400,C,T,0
16,8204700,T,G,0
12,9823971,C,T,0
X,54554114,A,T,0
6,41209594,G,A,0
7,143582161,C,T,0
5,168148421,C,T,0
14,25832006,G,C,0
1,19114389,G,A,0
16,67864583,C,T,0
1,146643634,C,T,0
19,13258991,C,A,0
20,44151948,C,A,0
X,101858458,C,A,0
8,144680543,A,T,0
10,102293465,C,T,0
1,48540203,G,A,0
17,80010280,C,T,0
17,42290341,G,A,0
12,58009675,T,C,0
16,3350279,CC,TT,0
17,15930909,C,G,0
16,50354590,T,G,0
5,52582825,G,C,0
22,43253334,G,A,0
3,48506379,G,A,0
3,80033051,T,G,0
20,36776407,G,A,0
17,4448303,-,CCCCCCCCCCCCCCCCCCCC,0
X,56511496,G,A,0
16,2802695,G,A,0
19,56156476,G,C,0
8,144895795,G,T,0
22,34968159,T,C,0
17,7468351,A,T,0
2,217394227,C,T,0
12,53400086,C,G,0
13,70213576,T,G,0
5,154194333,C,G,0
1,222838942,C,A,0
2,53404641,G,A,0
16,83065753,G,A,0
1,240076797,C,T,0
14,106327131,G,A,0
11,5727829,G,T,0
6,10398763,A,T,0
16,30908946,C,T,0
17,40179203,C,T,0
X,48933234,C,T,0
17,27085367,G,A,0
1,67269547,G,C,0
22,18392038,C,T,0
2,61765057,G,T,0
10,22676736,T,G,0
12,113711438,T,C,0
17,80615095,C,A,0
9,125280150,C,T,0
9,4118458,G,A,0
3,32188184,G,A,0
6,135515007,T,G,0
2,119441107,C,T,0
4,136176578,C,T,0
5,143538492,A,-,0
6,72594972,G,C,0
12,56510937,TTTTTT,-,0
9,35664685,C,T,0
16,2304002,C,T,0
11,799907,A,G,0
20,44515440,C,A,0
5,163389491,A,G,0
19,47197136,G,A,0
7,39733455,G,A,0
3,78132152,C,A,0
2,76603605,C,T,0
6,112671182,G,T,0
11,3378791,C,T,0
4,42739431,G,T,0
11,77554685,T,A,0
16,10525283,G,A,0
19,12691497,G,C,0
21,10995521,T,C,0
17,21238313,C,G,0
7,99689087,C,G,0
19,23899918,C,A,0
1,156708203,C,T,0
2,134275582,C,A,0
12,57519024,T,A,0
X,72254391,C,T,0
6,87347882,C,A,0
10,64398785,G,A,0
3,25706824,C,A,0
7,31691394,A,T,0
17,26989729,T,C,0
3,180585989,C,T,0
1,200977986,G,T,0
14,106147291,G,A,0
X,128834690,C,A,0
5,133485883,C,G,0
10,104230729,G,A,0
19,30558759,T,C,0
8,6814323,C,G,0
1,236762964,T,A,0
11,4112634,G,A,0
2,172291597,G,A,0
20,33461937,A,G,0
X,100611173,G,A,0
16,62818734,C,T,0
X,79514091,C,T,0
1,38462532,A,C,0
19,3299586,T,C,0
12,54680937,G,A,0
19,30500243,A,G,0
22,51014870,C,A,0
4,95496939,C,T,0
6,53026396,C,T,0
2,220077160,G,T,0
16,31471209,C,T,0
18,59584293,G,C,0
19,45976823,C,A,0
